spacy,1
floating-point,1
apache-commons-config,1
visual-studio,1
text-analysis,1
search-path,1
textblob,1
finite-state-machine,1
listdir,1
punctuation,1
href,1
entity-framework,1
typeinfo,1
pattern-matching,1
spyder,1
graphlab,1
suffix,1
research,1
wc,1
depth,1
unique,1
iterator,1
porter-stemmer,1
ubuntu-16.04,1
http,1
string-length,1
unix,1
text-mining,1
formatting,1
object,1
pybrain,1
strip,1
queue,1
rest,1
key,1
python-2.x,1
control-characters,1
tab-delimited,1
stringescapeutils,1
timeout,1
pydrive,1
api,1
hashtable,1
keyword,1
html-parsing,1
ls,1
sample,1
query-optimization,1
zipfile,1
lsa,1
artificial-intelligence,1
file-extension,1
voting,1
coding-style,1
hang,1
prefix,1
generator,1
clock,1
treemap,1
centos,1
sed,1
natural-sort,1
algorithm,1
newline,1
eval,1
ubuntu-10.10,1
machine-learning,2
distance,1
operator-keyword,1
vsm,1
cluster-analysis,1
extract,1
text-segmentation,1
iteration,1
parsing,1
field,1
image,1
wine,1
url,1
language-model,1
destructor,1
snowball,1
justify,1
list-comparison,1
ipython-notebook,1
tokenize,1
normalize,1
zip,1
similarity,1
longest-substring,1
python,4
html-content-extraction,1
file-handling,1
translation,1
tab-delimited-text,1
semantic-role-labelling,1
cython,1
pybossa,1
isinstance,1
malt-parser,1
python-3.3,1
pca,1
doctest,1
lucene,1
nohup,1
parallel-processing,1
information-extraction,1
input,1
virtualbox,1
regex-group,1
six,1
calculated-columns,1
counter,1
semantics,1
packing,1
date,1
python-2.7,2
information-retrieval,1
python-2.6,1
sax,1
python-3.5,1
jaws-wordnet,1
auto-generate,1
scripting,1
string-comparison,1
namespaces,1
mutable,1
null,1
unicode-normalization,1
dataframe,1
pip,1
browser,1
non-english,1
orm,1
text-files,1
jython,1
module,1
profiling,1
multithreading,1
structure,1
twitter,1
alignment,1
regex,1
many-to-many,1
nan,1
hierarchical-clustering,1
str-replace,1
pythonanywhere,1
mwe,1
removing-whitespace,1
uname,1
filter,1
speech-synthesis,1
nosql,1
ignore,1
initialization,1
reduce,1
cairo,1
named-entity-recognition,1
preprocessor,1
compilation,1
sympy,1
dataset,1
rdflib,1
data-cleaning,1
frequency-distribution,1
merge,1
rapidjson,1
error-handling,1
regression,1
measure,1
dictionary,1
smtp,1
fst,1
dash,1
bash,1
python-idle,1
fractions,1
int,1
sublimetext2,1
oop,1
find,1
osx-yosemite,1
or-operator,1
web-crawler,1
flask,1
enumeration,1
deep-learning,1
translate,1
python-internals,1
os.system,1
uninstall,1
first-order-logic,1
pylucene,1
ternary,1
cosine,1
datrie,1
lsb,1
depth-first-search,1
casting,1
geolocation,1
moses,1
ubuntu,1
try-catch,1
union,1
static,1
full-text-search,1
glob,1
pickle,1
extend,1
website,1
list-comprehension,1
c#-4.0,1
gcc,1
time,1
shebang,1
class-structure,1
whitespace,1
human-readable,1
locate,1
install,1
average,1
graph-databases,1
pointers,1
csv,1
word-embedding,1
arraylist,1
vector,1
email,1
ipython,1
tags,1
fwrite,1
pytables,1
sparql,1
padding,1
shuffle,1
precision-recall,1
elementtree,1
spaces,1
console,1
text-processing,1
ubuntu-14.04,1
slash,1
tcp,1
data-mining,1
database-design,1
comments,1
arrays,2
github,1
awk,1
urlencode,1
text-extraction,1
stemming,1
bleu,1
immutability,1
dependencies,1
cin,1
tree,1
caesar-cipher,1
dependency-parsing,1
rdf,1
part-of-speech,1
readxml,1
list,1
binary,1
matrix,1
lstm,1
devtools,1
docker,1
character,1
brute-force,1
rpm,1
word-cloud,1
collocation,1
dictionary-comprehension,1
annotations,1
remote-access,1
cat,1
duck-typing,1
freebase,1
apt,1
output,1
object-oriented-analysis,1
geometric-mean,1
taxonomy,1
search,1
importerror,1
unicode,1
swap,1
analyzer,1
math,1
function,1
gensim,1
text-to-speech,1
deep-residual-networks,1
attention-model,1
substitution,1
n-gram,1
import,1
draw,1
gpu,1
percentage,1
osx,1
perl,1
digit,1
svn,1
typetoken,1
testcase,1
tensorflow,1
ubuntu-12.04,1
solr,1
metrics,1
iterable,1
python-multiprocessing,1
gnu,1
text-classification,1
ascii,1
ghostscript,1
dummy-data,1
integer,1
version,1
generics,1
epd-python,1
jsfiddle,1
indexing,1
gradient-descent,1
cut,1
deep-copy,1
brackets,1
console-output,1
recursion,1
operating-system,1
chomp,1
globals,1
sudo,1
word2vec,1
performance,1
printing,1
non-printing-characters,1
linear-regression,1
cross-validation,1
python-requests,1
wsd,1
itertools,1
suse,1
prepend,1
mongorestore,1
open-multilingual-wordnet,1
listiterator,1
softmax,1
context-free-grammar,1
matlab,1
file,1
twitter4j,1
package,1
python-3.x,1
match,1
traversal,1
keyword-argument,1
zero,1
encapsulation,1
enums,1
xml,1
database,1
duckduckgo-search,1
classification,1
filepath,1
sublist,1
beautifulsoup,1
complexity-theory,1
multicore,1
xmldom,1
syntax,1
negative-number,1
mongodb,1
future,1
train-test-split,1
supervised-learning,1
map,1
libmagic,1
repr,1
nltk,1
replace,2
pos-tagger,1
linux,1
mixins,1
urllib,1
boost,1
tuples,1
collections,1
uniq,1
arguments,1
precision,1
machine-translation,1
hashmap,1
nlp,1
sh,1
line-breaks,1
windows,1
palindrome,1
naivebayes,1
nested-lists,1
sql,1
senti-wordnet,1
locale,1
continue,1
multiple-columns,1
linguistics,1
lda,1
command,1
tf-idf,1
espeak,1
trie,1
document,2
anaconda,1
condition,1
xargs,1
data-structures,1
opennlp,1
addition,1
size,1
types,1
jpeg,1
io,1
typeerror,1
defaultdict,1
jobs,1
gzip,1
init,1
svm,2
atom-editor,1
apache-commons,1
lemmatization,1
word-frequency,1
out-of-memory,1
stop-words,1
triples,1
variable-assignment,1
typechecking,1
reverse,1
utf-8,1
recurrent-neural-network,1
exception-handling,1
localization,1
shell,1
paste,1
installation,1
python-3.4,1
web-scraping,1
combinatorics,1
character-encoding,1
choice,1
search-engine,1
asianfonts,1
javascript,1
wildcard,1
lowercase,1
simultaneous,1
string,2
web-applications,1
web-deployment,1
openfst,1
google-drive-sdk,1
access-rights,1
combinations,1
maxlength,1
ssh,1
ml,1
mecab,1
pandas,1
leading-zero,1
trailing,1
matplotlib,1
pos-tagging,1
chunking,1
synonym,1
topic-modeling,1
threadpool,1
trigram,1
urllib2,1
chain,1
r,1
edges,1
multiprocessing,1
division,1
hidden-markov-models,1
well-formed,1
sqlite3,1
webpage,1
compression,1
alchemyapi,1
indexoutofboundsexception,1
diff,1
sframe,1
declare,1
stanford-nlp,1
jsoup,1
django,1
grammar,1
templates,1
group,1
miniconda,1
multidimensional-array,1
yield,1
tagging,1
pep8,1
terminal,1
hardcode,1
cuda,1
graph,1
readfile,1
infinite-loop,1
viterbi,1
c,1
file-io,1
capitalization,1
environment-variables,1
sentiment-analysis,1
scikit-learn,2
nested-loops,1
loops,1
env,1
cloud,1
testing,1
xml-parsing,1
append,1
cjk,1
networking,1
html,1
nested,1
bounding-box,1
owl,1
absolute,1
inequality,1
concat,1
memory-management,1
c++,2
serialization,1
with-statement,1
try-except,1
transform,1
multiset,1
senna,1
character-replacement,1
data-retrieval,1
pangram,1
bigdata,1
debian,1
argv,1
command-line,1
self,1
conda,1
scipy,2
lexicon,1
na,1
encoder-decoder,1
wordnet,1
sorting,1
convolution,1
ioerror,1
token,1
delimiter,1
rethinkdb,1
apt-get,1
class,1
insert,1
code-review,1
parse-tree,1
tagged-corpus,1
numpy,1
built-in,1
feature-extraction,1
string-matching,1
php,1
random,1
text-alignment,1
paddle-paddle,1
json,2
interface,1
bing,1
apache,1
download,1
euclidean-distance,1
transpose,1
stem,1
guava,1
ontology,1
keystroke,1
word,1
quotations,1
corpus,1
difflib,1
set,1
directory,1
facebook,1
text,1
comparator,1
line,1
r-package,1
django-models,1
path,1
split,1
boost-python,1
validation,1
pdf,1
string-formatting,1
while-loop,1
duplicates,1
normalization,1
scrapy,1
google-translate,1
max,1
join,1
giza++,1
sql-update,1
string-search,1
java,2
native,1
disambiguation,1
google-docs-api,1
target,1
for-loop,1
lambda,1
mapreduce,1
sys,1
cpython,1
ruby,1
google-trends,1
word-sense-disambiguation,1
mongodump,1
schema,1
google-api,1
move,1
hyphen,1
return,1
argmax,1
product,1
yahoo-api,1
word-count,1
echo,1
unit-testing,1
charactercount,1
logistic-regression,2
maxent,1
text-chunking,1
hindi,1
lexical,1
internationalization,1
wget,1
stringstream,1
whoosh,1
concatenation,1
stdmap,1
pymongo,1
encoding,1
parameters,1
triplestore,1
operators,1
configparser,1
permutation,1
output-formatting,1
variables,1
unsupervised-learning,1
jquery,1
packages,1
latin1,1
statistics,1
cosine-similarity,1
sockets,1
text-parsing,1
nullpointerexception,1
htmlcleaner,1
readr,1
grep,1
except,1
ordereddictionary,1
substring,1
popen,1
count,1
outputformat,1
ram,1
copy,1
rfe,1
if-statement,1
sql-server,1
plot,1
hash,1
backup,1
arabic,1
neural-network,2
contiguous,1
probability,1
isnull,1
python-cffi,1
subprocess,1
text-search,1
thai,1
inheritance,1
python-2to3,1
data-processing,1
counting,1
double,1
alphanumeric,1
